Workbook

Sheet MIS Report
A1: Monthly MIS Report: Sales and Delivery
A2: Olist e-commerce, January 2017 to August 2018. Every number is a formula over the Data sheet.
B4: Customer state | C4: All | D4: <- choose a state from the list, or All | H4: filter used | I4: =IF($C$4="All","*",$C$4)
B6: Revenue | C6: Orders | D6: Average order value | E6: Late delivery rate | F6: Average delivery days | G6: Average review score
B7: =SUMIFS(Data!$E$2:$E$534,Data!$B$2:$B$534,$I$4) | C7: =SUMIFS(Data!$C$2:$C$534,Data!$B$2:$B$534,$I$4) | D7: =IFERROR(SUMIFS(Data!$E$2:$E$534,Data!$B$2:$B$534,$I$4)/SUMIFS(Data!$D$2:$D$534,Data!$B$2:$B$534,$I$4),0) | E7: =IFERROR(100*SUMIFS(Data!$F$2:$F$534,Data!$B$2:$B$534,$I$4)/SUMIFS(Data!$G$2:$G$534,Data!$B$2:$B$534,$I$4),0) | F7: =IFERROR(SUMIFS(Data!$H$2:$H$534,Data!$B$2:$B$534,$I$4)/SUMIFS(Data!$G$2:$G$534,Data!$B$2:$B$534,$I$4),0) | G7: =IFERROR(SUMIFS(Data!$J$2:$J$534,Data!$B$2:$B$534,$I$4)/SUMIFS(Data!$I$2:$I$534,Data!$B$2:$B$534,$I$4),0)
A9: Month | B9: Orders | C9: Delivered orders | D9: Revenue | E9: Revenue growth vs previous month | F9: Average order value | G9: Late delivery rate | H9: Average review score | I9: Running revenue
A10: 42736 | B10: =SUMIFS(Data!$C$2:$C$534,Data!$A$2:$A$534,$A10,Data!$B$2:$B$534,$I$4) | C10: =SUMIFS(Data!$D$2:$D$534,Data!$A$2:$A$534,$A10,Data!$B$2:$B$534,$I$4) | D10: =SUMIFS(Data!$E$2:$E$534,Data!$A$2:$A$534,$A10,Data!$B$2:$B$534,$I$4) | F10: =IFERROR(D10/C10,0) | G10: =IFERROR(100*SUMIFS(Data!$F$2:$F$534,Data!$A$2:$A$534,$A10,Data!$B$2:$B$534,$I$4)/SUMIFS(Data!$G$2:$G$534,Data!$A$2:$A$534,$A10,Data!$B$2:$B$534,$I$4),0) | H10: =IFERROR(SUMIFS(Data!$J$2:$J$534,Data!$A$2:$A$534,$A10,Data!$B$2:$B$534,$I$4)/SUMIFS(Data!$I$2:$I$534,Data!$A$2:$A$534,$A10,Data!$B$2:$B$534,$I$4),0) | I10: =SUM($D$10:D10)
A11: 42767 | B11: =SUMIFS(Data!$C$2:$C$534,Data!$A$2:$A$534,$A11,Data!$B$2:$B$534,$I$4) | C11: =SUMIFS(Data!$D$2:$D$534,Data!$A$2:$A$534,$A11,Data!$B$2:$B$534,$I$4) | D11: =SUMIFS(Data!$E$2:$E$534,Data!$A$2:$A$534,$A11,Data!$B$2:$B$534,$I$4) | E11: =IFERROR(100*(D11-D10)/D10,0) | F11: =IFERROR(D11/C11,0) | G11: =IFERROR(100*SUMIFS(Data!$F$2:$F$534,Data!$A$2:$A$534,$A11,Data!$B$2:$B$534,$I$4)/SUMIFS(Data!$G$2:$G$534,Data!$A$2:$A$534,$A11,Data!$B$2:$B$534,$I$4),0) | H11: =IFERROR(SUMIFS(Data!$J$2:$J$534,Data!$A$2:$A$534,$A11,Data!$B$2:$B$534,$I$4)/SUMIFS(Data!$I$2:$I$534,Data!$A$2:$A$534,$A11,Data!$B$2:$B$534,$I$4),0) | I11: =SUM($D$10:D11)
A12: 42795 | B12: =SUMIFS(Data!$C$2:$C$534,Data!$A$2:$A$534,$A12,Data!$B$2:$B$534,$I$4) | C12: =SUMIFS(Data!$D$2:$D$534,Data!$A$2:$A$534,$A12,Data!$B$2:$B$534,$I$4) | D12: =SUMIFS(Data!$E$2:$E$534,Data!$A$2:$A$534,$A12,Data!$B$2:$B$534,$I$4) | E12: =IFERROR(100*(D12-D11)/D11,0) | F12: =IFERROR(D12/C12,0) | G12: =IFERROR(100*SUMIFS(Data!$F$2:$F$534,Data!$A$2:$A$534,$A12,Data!$B$2:$B$534,$I$4)/SUMIFS(Data!$G$2:$G$534,Data!$A$2:$A$534,$A12,Data!$B$2:$B$534,$I$4),0) | H12: =IFERROR(SUMIFS(Data!$J$2:$J$534,Data!$A$2:$A$534,$A12,Data!$B$2:$B$534,$I$4)/SUMIFS(Data!$I$2:$I$534,Data!$A$2:$A$534,$A12,Data!$B$2:$B$534,$I$4),0) | I12: =SUM($D$10:D12)
A13: 42826 | B13: =SUMIFS(Data!$C$2:$C$534,Data!$A$2:$A$534,$A13,Data!$B$2:$B$534,$I$4) | C13: =SUMIFS(Data!$D$2:$D$534,Data!$A$2:$A$534,$A13,Data!$B$2:$B$534,$I$4) | D13: =SUMIFS(Data!$E$2:$E$534,Data!$A$2:$A$534,$A13,Data!$B$2:$B$534,$I$4) | E13: =IFERROR(100*(D13-D12)/D12,0) | F13: =IFERROR(D13/C13,0) | G13: =IFERROR(100*SUMIFS(Data!$F$2:$F$534,Data!$A$2:$A$534,$A13,Data!$B$2:$B$534,$I$4)/SUMIFS(Data!$G$2:$G$534,Data!$A$2:$A$534,$A13,Data!$B$2:$B$534,$I$4),0) | H13: =IFERROR(SUMIFS(Data!$J$2:$J$534,Data!$A$2:$A$534,$A13,Data!$B$2:$B$534,$I$4)/SUMIFS(Data!$I$2:$I$534,Data!$A$2:$A$534,$A13,Data!$B$2:$B$534,$I$4),0) | I13: =SUM($D$10:D13)
A14: 42856 | B14: =SUMIFS(Data!$C$2:$C$534,Data!$A$2:$A$534,$A14,Data!$B$2:$B$534,$I$4) | C14: =SUMIFS(Data!$D$2:$D$534,Data!$A$2:$A$534,$A14,Data!$B$2:$B$534,$I$4) | D14: =SUMIFS(Data!$E$2:$E$534,Data!$A$2:$A$534,$A14,Data!$B$2:$B$534,$I$4) | E14: =IFERROR(100*(D14-D13)/D13,0) | F14: =IFERROR(D14/C14,0) | G14: =IFERROR(100*SUMIFS(Data!$F$2:$F$534,Data!$A$2:$A$534,$A14,Data!$B$2:$B$534,$I$4)/SUMIFS(Data!$G$2:$G$534,Data!$A$2:$A$534,$A14,Data!$B$2:$B$534,$I$4),0) | H14: =IFERROR(SUMIFS(Data!$J$2:$J$534,Data!$A$2:$A$534,$A14,Data!$B$2:$B$534,$I$4)/SUMIFS(Data!$I$2:$I$534,Data!$A$2:$A$534,$A14,Data!$B$2:$B$534,$I$4),0) | I14: =SUM($D$10:D14)
A15: 42887 | B15: =SUMIFS(Data!$C$2:$C$534,Data!$A$2:$A$534,$A15,Data!$B$2:$B$534,$I$4) | C15: =SUMIFS(Data!$D$2:$D$534,Data!$A$2:$A$534,$A15,Data!$B$2:$B$534,$I$4) | D15: =SUMIFS(Data!$E$2:$E$534,Data!$A$2:$A$534,$A15,Data!$B$2:$B$534,$I$4) | E15: =IFERROR(100*(D15-D14)/D14,0) | F15: =IFERROR(D15/C15,0) | G15: =IFERROR(100*SUMIFS(Data!$F$2:$F$534,Data!$A$2:$A$534,$A15,Data!$B$2:$B$534,$I$4)/SUMIFS(Data!$G$2:$G$534,Data!$A$2:$A$534,$A15,Data!$B$2:$B$534,$I$4),0) | H15: =IFERROR(SUMIFS(Data!$J$2:$J$534,Data!$A$2:$A$534,$A15,Data!$B$2:$B$534,$I$4)/SUMIFS(Data!$I$2:$I$534,Data!$A$2:$A$534,$A15,Data!$B$2:$B$534,$I$4),0) | I15: =SUM($D$10:D15)
A16: 42917 | B16: =SUMIFS(Data!$C$2:$C$534,Data!$A$2:$A$534,$A16,Data!$B$2:$B$534,$I$4) | C16: =SUMIFS(Data!$D$2:$D$534,Data!$A$2:$A$534,$A16,Data!$B$2:$B$534,$I$4) | D16: =SUMIFS(Data!$E$2:$E$534,Data!$A$2:$A$534,$A16,Data!$B$2:$B$534,$I$4) | E16: =IFERROR(100*(D16-D15)/D15,0) | F16: =IFERROR(D16/C16,0) | G16: =IFERROR(100*SUMIFS(Data!$F$2:$F$534,Data!$A$2:$A$534,$A16,Data!$B$2:$B$534,$I$4)/SUMIFS(Data!$G$2:$G$534,Data!$A$2:$A$534,$A16,Data!$B$2:$B$534,$I$4),0) | H16: =IFERROR(SUMIFS(Data!$J$2:$J$534,Data!$A$2:$A$534,$A16,Data!$B$2:$B$534,$I$4)/SUMIFS(Data!$I$2:$I$534,Data!$A$2:$A$534,$A16,Data!$B$2:$B$534,$I$4),0) | I16: =SUM($D$10:D16)
A17: 42948 | B17: =SUMIFS(Data!$C$2:$C$534,Data!$A$2:$A$534,$A17,Data!$B$2:$B$534,$I$4) | C17: =SUMIFS(Data!$D$2:$D$534,Data!$A$2:$A$534,$A17,Data!$B$2:$B$534,$I$4) | D17: =SUMIFS(Data!$E$2:$E$534,Data!$A$2:$A$534,$A17,Data!$B$2:$B$534,$I$4) | E17: =IFERROR(100*(D17-D16)/D16,0) | F17: =IFERROR(D17/C17,0) | G17: =IFERROR(100*SUMIFS(Data!$F$2:$F$534,Data!$A$2:$A$534,$A17,Data!$B$2:$B$534,$I$4)/SUMIFS(Data!$G$2:$G$534,Data!$A$2:$A$534,$A17,Data!$B$2:$B$534,$I$4),0) | H17: =IFERROR(SUMIFS(Data!$J$2:$J$534,Data!$A$2:$A$534,$A17,Data!$B$2:$B$534,$I$4)/SUMIFS(Data!$I$2:$I$534,Data!$A$2:$A$534,$A17,Data!$B$2:$B$534,$I$4),0) | I17: =SUM($D$10:D17)
A18: 42979 | B18: =SUMIFS(Data!$C$2:$C$534,Data!$A$2:$A$534,$A18,Data!$B$2:$B$534,$I$4) | C18: =SUMIFS(Data!$D$2:$D$534,Data!$A$2:$A$534,$A18,Data!$B$2:$B$534,$I$4) | D18: =SUMIFS(Data!$E$2:$E$534,Data!$A$2:$A$534,$A18,Data!$B$2:$B$534,$I$4) | E18: =IFERROR(100*(D18-D17)/D17,0) | F18: =IFERROR(D18/C18,0) | G18: =IFERROR(100*SUMIFS(Data!$F$2:$F$534,Data!$A$2:$A$534,$A18,Data!$B$2:$B$534,$I$4)/SUMIFS(Data!$G$2:$G$534,Data!$A$2:$A$534,$A18,Data!$B$2:$B$534,$I$4),0) | H18: =IFERROR(SUMIFS(Data!$J$2:$J$534,Data!$A$2:$A$534,$A18,Data!$B$2:$B$534,$I$4)/SUMIFS(Data!$I$2:$I$534,Data!$A$2:$A$534,$A18,Data!$B$2:$B$534,$I$4),0) | I18: =SUM($D$10:D18)
A19: 43009 | B19: =SUMIFS(Data!$C$2:$C$534,Data!$A$2:$A$534,$A19,Data!$B$2:$B$534,$I$4) | C19: =SUMIFS(Data!$D$2:$D$534,Data!$A$2:$A$534,$A19,Data!$B$2:$B$534,$I$4) | D19: =SUMIFS(Data!$E$2:$E$534,Data!$A$2:$A$534,$A19,Data!$B$2:$B$534,$I$4) | E19: =IFERROR(100*(D19-D18)/D18,0) | F19: =IFERROR(D19/C19,0) | G19: =IFERROR(100*SUMIFS(Data!$F$2:$F$534,Data!$A$2:$A$534,$A19,Data!$B$2:$B$534,$I$4)/SUMIFS(Data!$G$2:$G$534,Data!$A$2:$A$534,$A19,Data!$B$2:$B$534,$I$4),0) | H19: =IFERROR(SUMIFS(Data!$J$2:$J$534,Data!$A$2:$A$534,$A19,Data!$B$2:$B$534,$I$4)/SUMIFS(Data!$I$2:$I$534,Data!$A$2:$A$534,$A19,Data!$B$2:$B$534,$I$4),0) | I19: =SUM($D$10:D19)
A20: 43040 | B20: =SUMIFS(Data!$C$2:$C$534,Data!$A$2:$A$534,$A20,Data!$B$2:$B$534,$I$4) | C20: =SUMIFS(Data!$D$2:$D$534,Data!$A$2:$A$534,$A20,Data!$B$2:$B$534,$I$4) | D20: =SUMIFS(Data!$E$2:$E$534,Data!$A$2:$A$534,$A20,Data!$B$2:$B$534,$I$4) | E20: =IFERROR(100*(D20-D19)/D19,0) | F20: =IFERROR(D20/C20,0) | G20: =IFERROR(100*SUMIFS(Data!$F$2:$F$534,Data!$A$2:$A$534,$A20,Data!$B$2:$B$534,$I$4)/SUMIFS(Data!$G$2:$G$534,Data!$A$2:$A$534,$A20,Data!$B$2:$B$534,$I$4),0) | H20: =IFERROR(SUMIFS(Data!$J$2:$J$534,Data!$A$2:$A$534,$A20,Data!$B$2:$B$534,$I$4)/SUMIFS(Data!$I$2:$I$534,Data!$A$2:$A$534,$A20,Data!$B$2:$B$534,$I$4),0) | I20: =SUM($D$10:D20)
A21: 43070 | B21: =SUMIFS(Data!$C$2:$C$534,Data!$A$2:$A$534,$A21,Data!$B$2:$B$534,$I$4) | C21: =SUMIFS(Data!$D$2:$D$534,Data!$A$2:$A$534,$A21,Data!$B$2:$B$534,$I$4) | D21: =SUMIFS(Data!$E$2:$E$534,Data!$A$2:$A$534,$A21,Data!$B$2:$B$534,$I$4) | E21: =IFERROR(100*(D21-D20)/D20,0) | F21: =IFERROR(D21/C21,0) | G21: =IFERROR(100*SUMIFS(Data!$F$2:$F$534,Data!$A$2:$A$534,$A21,Data!$B$2:$B$534,$I$4)/SUMIFS(Data!$G$2:$G$534,Data!$A$2:$A$534,$A21,Data!$B$2:$B$534,$I$4),0) | H21: =IFERROR(SUMIFS(Data!$J$2:$J$534,Data!$A$2:$A$534,$A21,Data!$B$2:$B$534,$I$4)/SUMIFS(Data!$I$2:$I$534,Data!$A$2:$A$534,$A21,Data!$B$2:$B$534,$I$4),0) | I21: =SUM($D$10:D21)
A22: 43101 | B22: =SUMIFS(Data!$C$2:$C$534,Data!$A$2:$A$534,$A22,Data!$B$2:$B$534,$I$4) | C22: =SUMIFS(Data!$D$2:$D$534,Data!$A$2:$A$534,$A22,Data!$B$2:$B$534,$I$4) | D22: =SUMIFS(Data!$E$2:$E$534,Data!$A$2:$A$534,$A22,Data!$B$2:$B$534,$I$4) | E22: =IFERROR(100*(D22-D21)/D21,0) | F22: =IFERROR(D22/C22,0) | G22: =IFERROR(100*SUMIFS(Data!$F$2:$F$534,Data!$A$2:$A$534,$A22,Data!$B$2:$B$534,$I$4)/SUMIFS(Data!$G$2:$G$534,Data!$A$2:$A$534,$A22,Data!$B$2:$B$534,$I$4),0) | H22: =IFERROR(SUMIFS(Data!$J$2:$J$534,Data!$A$2:$A$534,$A22,Data!$B$2:$B$534,$I$4)/SUMIFS(Data!$I$2:$I$534,Data!$A$2:$A$534,$A22,Data!$B$2:$B$534,$I$4),0) | I22: =SUM($D$10:D22)
... A29: 43313 | B29: =SUMIFS(Data!$C$2:$C$534,Data!$A$2:$A$534,$A29,Data!$B$2:$B$534,$I$4) | C29: =SUMIFS(Data!$D$2:$D$534,Data!$A$2:$A$534,$A29,Data!$B$2:$B$534,$I$4) | D29: =SUMIFS(Data!$E$2:$E$534,Data!$A$2:$A$534,$A29,Data!$B$2:$B$534,$I$4) | E29: =IFERROR(100*(D29-D28)/D28,0) | F29: =IFERROR(D29/C29,0) | G29: =IFERROR(100*SUMIFS(Data!$F$2:$F$534,Data!$A$2:$A$534,$A29,Data!$B$2:$B$534,$I$4)/SUMIFS(Data!$G$2:$G$534,Data!$A$2:$A$534,$A29,Data!$B$2:$B$534,$I$4),0) | H29: =IFERROR(SUMIFS(Data!$J$2:$J$534,Data!$A$2:$A$534,$A29,Data!$B$2:$B$534,$I$4)/SUMIFS(Data!$I$2:$I$534,Data!$A$2:$A$534,$A29,Data!$B$2:$B$534,$I$4),0) | I29: =SUM($D$10:D29)

Sheet State Ranking
A1: State Ranking
A2: Totals for the whole period, ranked by revenue.
A4: State | B4: Orders | C4: Revenue | D4: Share of revenue | E4: Rank by revenue | F4: Late delivery rate | G4: Average review score
A5: SP | B5: =SUMIFS(Data!$C$2:$C$534,Data!$B$2:$B$534,$A5) | C5: =SUMIFS(Data!$E$2:$E$534,Data!$B$2:$B$534,$A5) | D5: =100*C5/SUM($C$5:$C$31) | E5: =RANK(C5,$C$5:$C$31) | F5: =IFERROR(100*SUMIFS(Data!$F$2:$F$534,Data!$B$2:$B$534,$A5)/SUMIFS(Data!$G$2:$G$534,Data!$B$2:$B$534,$A5),0) | G5: =IFERROR(SUMIFS(Data!$J$2:$J$534,Data!$B$2:$B$534,$A5)/SUMIFS(Data!$I$2:$I$534,Data!$B$2:$B$534,$A5),0)
A6: RJ | B6: =SUMIFS(Data!$C$2:$C$534,Data!$B$2:$B$534,$A6) | C6: =SUMIFS(Data!$E$2:$E$534,Data!$B$2:$B$534,$A6) | D6: =100*C6/SUM($C$5:$C$31) | E6: =RANK(C6,$C$5:$C$31) | F6: =IFERROR(100*SUMIFS(Data!$F$2:$F$534,Data!$B$2:$B$534,$A6)/SUMIFS(Data!$G$2:$G$534,Data!$B$2:$B$534,$A6),0) | G6: =IFERROR(SUMIFS(Data!$J$2:$J$534,Data!$B$2:$B$534,$A6)/SUMIFS(Data!$I$2:$I$534,Data!$B$2:$B$534,$A6),0)
A7: MG | B7: =SUMIFS(Data!$C$2:$C$534,Data!$B$2:$B$534,$A7) | C7: =SUMIFS(Data!$E$2:$E$534,Data!$B$2:$B$534,$A7) | D7: =100*C7/SUM($C$5:$C$31) | E7: =RANK(C7,$C$5:$C$31) | F7: =IFERROR(100*SUMIFS(Data!$F$2:$F$534,Data!$B$2:$B$534,$A7)/SUMIFS(Data!$G$2:$G$534,Data!$B$2:$B$534,$A7),0) | G7: =IFERROR(SUMIFS(Data!$J$2:$J$534,Data!$B$2:$B$534,$A7)/SUMIFS(Data!$I$2:$I$534,Data!$B$2:$B$534,$A7),0)
A8: RS | B8: =SUMIFS(Data!$C$2:$C$534,Data!$B$2:$B$534,$A8) | C8: =SUMIFS(Data!$E$2:$E$534,Data!$B$2:$B$534,$A8) | D8: =100*C8/SUM($C$5:$C$31) | E8: =RANK(C8,$C$5:$C$31) | F8: =IFERROR(100*SUMIFS(Data!$F$2:$F$534,Data!$B$2:$B$534,$A8)/SUMIFS(Data!$G$2:$G$534,Data!$B$2:$B$534,$A8),0) | G8: =IFERROR(SUMIFS(Data!$J$2:$J$534,Data!$B$2:$B$534,$A8)/SUMIFS(Data!$I$2:$I$534,Data!$B$2:$B$534,$A8),0)
A9: PR | B9: =SUMIFS(Data!$C$2:$C$534,Data!$B$2:$B$534,$A9) | C9: =SUMIFS(Data!$E$2:$E$534,Data!$B$2:$B$534,$A9) | D9: =100*C9/SUM($C$5:$C$31) | E9: =RANK(C9,$C$5:$C$31) | F9: =IFERROR(100*SUMIFS(Data!$F$2:$F$534,Data!$B$2:$B$534,$A9)/SUMIFS(Data!$G$2:$G$534,Data!$B$2:$B$534,$A9),0) | G9: =IFERROR(SUMIFS(Data!$J$2:$J$534,Data!$B$2:$B$534,$A9)/SUMIFS(Data!$I$2:$I$534,Data!$B$2:$B$534,$A9),0)
A10: SC | B10: =SUMIFS(Data!$C$2:$C$534,Data!$B$2:$B$534,$A10) | C10: =SUMIFS(Data!$E$2:$E$534,Data!$B$2:$B$534,$A10) | D10: =100*C10/SUM($C$5:$C$31) | E10: =RANK(C10,$C$5:$C$31) | F10: =IFERROR(100*SUMIFS(Data!$F$2:$F$534,Data!$B$2:$B$534,$A10)/SUMIFS(Data!$G$2:$G$534,Data!$B$2:$B$534,$A10),0) | G10: =IFERROR(SUMIFS(Data!$J$2:$J$534,Data!$B$2:$B$534,$A10)/SUMIFS(Data!$I$2:$I$534,Data!$B$2:$B$534,$A10),0)
A11: BA | B11: =SUMIFS(Data!$C$2:$C$534,Data!$B$2:$B$534,$A11) | C11: =SUMIFS(Data!$E$2:$E$534,Data!$B$2:$B$534,$A11) | D11: =100*C11/SUM($C$5:$C$31) | E11: =RANK(C11,$C$5:$C$31) | F11: =IFERROR(100*SUMIFS(Data!$F$2:$F$534,Data!$B$2:$B$534,$A11)/SUMIFS(Data!$G$2:$G$534,Data!$B$2:$B$534,$A11),0) | G11: =IFERROR(SUMIFS(Data!$J$2:$J$534,Data!$B$2:$B$534,$A11)/SUMIFS(Data!$I$2:$I$534,Data!$B$2:$B$534,$A11),0)
A12: DF | B12: =SUMIFS(Data!$C$2:$C$534,Data!$B$2:$B$534,$A12) | C12: =SUMIFS(Data!$E$2:$E$534,Data!$B$2:$B$534,$A12) | D12: =100*C12/SUM($C$5:$C$31) | E12: =RANK(C12,$C$5:$C$31) | F12: =IFERROR(100*SUMIFS(Data!$F$2:$F$534,Data!$B$2:$B$534,$A12)/SUMIFS(Data!$G$2:$G$534,Data!$B$2:$B$534,$A12),0) | G12: =IFERROR(SUMIFS(Data!$J$2:$J$534,Data!$B$2:$B$534,$A12)/SUMIFS(Data!$I$2:$I$534,Data!$B$2:$B$534,$A12),0)
A13: GO | B13: =SUMIFS(Data!$C$2:$C$534,Data!$B$2:$B$534,$A13) | C13: =SUMIFS(Data!$E$2:$E$534,Data!$B$2:$B$534,$A13) | D13: =100*C13/SUM($C$5:$C$31) | E13: =RANK(C13,$C$5:$C$31) | F13: =IFERROR(100*SUMIFS(Data!$F$2:$F$534,Data!$B$2:$B$534,$A13)/SUMIFS(Data!$G$2:$G$534,Data!$B$2:$B$534,$A13),0) | G13: =IFERROR(SUMIFS(Data!$J$2:$J$534,Data!$B$2:$B$534,$A13)/SUMIFS(Data!$I$2:$I$534,Data!$B$2:$B$534,$A13),0)
A14: ES | B14: =SUMIFS(Data!$C$2:$C$534,Data!$B$2:$B$534,$A14) | C14: =SUMIFS(Data!$E$2:$E$534,Data!$B$2:$B$534,$A14) | D14: =100*C14/SUM($C$5:$C$31) | E14: =RANK(C14,$C$5:$C$31) | F14: =IFERROR(100*SUMIFS(Data!$F$2:$F$534,Data!$B$2:$B$534,$A14)/SUMIFS(Data!$G$2:$G$534,Data!$B$2:$B$534,$A14),0) | G14: =IFERROR(SUMIFS(Data!$J$2:$J$534,Data!$B$2:$B$534,$A14)/SUMIFS(Data!$I$2:$I$534,Data!$B$2:$B$534,$A14),0)
A15: PE | B15: =SUMIFS(Data!$C$2:$C$534,Data!$B$2:$B$534,$A15) | C15: =SUMIFS(Data!$E$2:$E$534,Data!$B$2:$B$534,$A15) | D15: =100*C15/SUM($C$5:$C$31) | E15: =RANK(C15,$C$5:$C$31) | F15: =IFERROR(100*SUMIFS(Data!$F$2:$F$534,Data!$B$2:$B$534,$A15)/SUMIFS(Data!$G$2:$G$534,Data!$B$2:$B$534,$A15),0) | G15: =IFERROR(SUMIFS(Data!$J$2:$J$534,Data!$B$2:$B$534,$A15)/SUMIFS(Data!$I$2:$I$534,Data!$B$2:$B$534,$A15),0)
A16: CE | B16: =SUMIFS(Data!$C$2:$C$534,Data!$B$2:$B$534,$A16) | C16: =SUMIFS(Data!$E$2:$E$534,Data!$B$2:$B$534,$A16) | D16: =100*C16/SUM($C$5:$C$31) | E16: =RANK(C16,$C$5:$C$31) | F16: =IFERROR(100*SUMIFS(Data!$F$2:$F$534,Data!$B$2:$B$534,$A16)/SUMIFS(Data!$G$2:$G$534,Data!$B$2:$B$534,$A16),0) | G16: =IFERROR(SUMIFS(Data!$J$2:$J$534,Data!$B$2:$B$534,$A16)/SUMIFS(Data!$I$2:$I$534,Data!$B$2:$B$534,$A16),0)
... A31: RR | B31: =SUMIFS(Data!$C$2:$C$534,Data!$B$2:$B$534,$A31) | C31: =SUMIFS(Data!$E$2:$E$534,Data!$B$2:$B$534,$A31) | D31: =100*C31/SUM($C$5:$C$31) | E31: =RANK(C31,$C$5:$C$31) | F31: =IFERROR(100*SUMIFS(Data!$F$2:$F$534,Data!$B$2:$B$534,$A31)/SUMIFS(Data!$G$2:$G$534,Data!$B$2:$B$534,$A31),0) | G31: =IFERROR(SUMIFS(Data!$J$2:$J$534,Data!$B$2:$B$534,$A31)/SUMIFS(Data!$I$2:$I$534,Data!$B$2:$B$534,$A31),0)

Sheet Top Categories
A1: Top Categories
A2: Delivered orders, whole period, all states.
A4: Category | B4: Orders | C4: Items sold | D4: Revenue | E4: Share of revenue
A5: health_beauty | B5: =SUMIFS(CategoryData!$C$2:$C$1242,CategoryData!$B$2:$B$1242,$A5) | C5: =SUMIFS(CategoryData!$D$2:$D$1242,CategoryData!$B$2:$B$1242,$A5) | D5: =SUMIFS(CategoryData!$E$2:$E$1242,CategoryData!$B$2:$B$1242,$A5) | E5: =100*D5/SUM($D$5:$D$78)
A6: watches_gifts | B6: =SUMIFS(CategoryData!$C$2:$C$1242,CategoryData!$B$2:$B$1242,$A6) | C6: =SUMIFS(CategoryData!$D$2:$D$1242,CategoryData!$B$2:$B$1242,$A6) | D6: =SUMIFS(CategoryData!$E$2:$E$1242,CategoryData!$B$2:$B$1242,$A6) | E6: =100*D6/SUM($D$5:$D$78)
A7: bed_bath_table | B7: =SUMIFS(CategoryData!$C$2:$C$1242,CategoryData!$B$2:$B$1242,$A7) | C7: =SUMIFS(CategoryData!$D$2:$D$1242,CategoryData!$B$2:$B$1242,$A7) | D7: =SUMIFS(CategoryData!$E$2:$E$1242,CategoryData!$B$2:$B$1242,$A7) | E7: =100*D7/SUM($D$5:$D$78)
A8: sports_leisure | B8: =SUMIFS(CategoryData!$C$2:$C$1242,CategoryData!$B$2:$B$1242,$A8) | C8: =SUMIFS(CategoryData!$D$2:$D$1242,CategoryData!$B$2:$B$1242,$A8) | D8: =SUMIFS(CategoryData!$E$2:$E$1242,CategoryData!$B$2:$B$1242,$A8) | E8: =100*D8/SUM($D$5:$D$78)
A9: computers_accessories | B9: =SUMIFS(CategoryData!$C$2:$C$1242,CategoryData!$B$2:$B$1242,$A9) | C9: =SUMIFS(CategoryData!$D$2:$D$1242,CategoryData!$B$2:$B$1242,$A9) | D9: =SUMIFS(CategoryData!$E$2:$E$1242,CategoryData!$B$2:$B$1242,$A9) | E9: =100*D9/SUM($D$5:$D$78)
A10: furniture_decor | B10: =SUMIFS(CategoryData!$C$2:$C$1242,CategoryData!$B$2:$B$1242,$A10) | C10: =SUMIFS(CategoryData!$D$2:$D$1242,CategoryData!$B$2:$B$1242,$A10) | D10: =SUMIFS(CategoryData!$E$2:$E$1242,CategoryData!$B$2:$B$1242,$A10) | E10: =100*D10/SUM($D$5:$D$78)
A11: housewares | B11: =SUMIFS(CategoryData!$C$2:$C$1242,CategoryData!$B$2:$B$1242,$A11) | C11: =SUMIFS(CategoryData!$D$2:$D$1242,CategoryData!$B$2:$B$1242,$A11) | D11: =SUMIFS(CategoryData!$E$2:$E$1242,CategoryData!$B$2:$B$1242,$A11) | E11: =100*D11/SUM($D$5:$D$78)
A12: cool_stuff | B12: =SUMIFS(CategoryData!$C$2:$C$1242,CategoryData!$B$2:$B$1242,$A12) | C12: =SUMIFS(CategoryData!$D$2:$D$1242,CategoryData!$B$2:$B$1242,$A12) | D12: =SUMIFS(CategoryData!$E$2:$E$1242,CategoryData!$B$2:$B$1242,$A12) | E12: =100*D12/SUM($D$5:$D$78)
A13: auto | B13: =SUMIFS(CategoryData!$C$2:$C$1242,CategoryData!$B$2:$B$1242,$A13) | C13: =SUMIFS(CategoryData!$D$2:$D$1242,CategoryData!$B$2:$B$1242,$A13) | D13: =SUMIFS(CategoryData!$E$2:$E$1242,CategoryData!$B$2:$B$1242,$A13) | E13: =100*D13/SUM($D$5:$D$78)
A14: garden_tools | B14: =SUMIFS(CategoryData!$C$2:$C$1242,CategoryData!$B$2:$B$1242,$A14) | C14: =SUMIFS(CategoryData!$D$2:$D$1242,CategoryData!$B$2:$B$1242,$A14) | D14: =SUMIFS(CategoryData!$E$2:$E$1242,CategoryData!$B$2:$B$1242,$A14) | E14: =100*D14/SUM($D$5:$D$78)
A15: toys | B15: =SUMIFS(CategoryData!$C$2:$C$1242,CategoryData!$B$2:$B$1242,$A15) | C15: =SUMIFS(CategoryData!$D$2:$D$1242,CategoryData!$B$2:$B$1242,$A15) | D15: =SUMIFS(CategoryData!$E$2:$E$1242,CategoryData!$B$2:$B$1242,$A15) | E15: =100*D15/SUM($D$5:$D$78)
A16: baby | B16: =SUMIFS(CategoryData!$C$2:$C$1242,CategoryData!$B$2:$B$1242,$A16) | C16: =SUMIFS(CategoryData!$D$2:$D$1242,CategoryData!$B$2:$B$1242,$A16) | D16: =SUMIFS(CategoryData!$E$2:$E$1242,CategoryData!$B$2:$B$1242,$A16) | E16: =100*D16/SUM($D$5:$D$78)
... A78: security_and_services | B78: =SUMIFS(CategoryData!$C$2:$C$1242,CategoryData!$B$2:$B$1242,$A78) | C78: =SUMIFS(CategoryData!$D$2:$D$1242,CategoryData!$B$2:$B$1242,$A78) | D78: =SUMIFS(CategoryData!$E$2:$E$1242,CategoryData!$B$2:$B$1242,$A78) | E78: =100*D78/SUM($D$5:$D$78)

Sheet Data
A1: month_start | B1: customer_state | C1: orders | D1: delivered_orders | E1: revenue | F1: late_orders | G1: orders_with_delivery_date | H1: delivery_days_sum | I1: reviews | J1: review_score_sum
A2: 42736 | B2: AC | C2: 2 | D2: 2 | E2: 723.14 | F2: 0 | G2: 2 | H2: 41.67 | I2: 2 | J2: 4
A3: 42736 | B3: AL | C3: 2 | D3: 2 | E3: 454.36 | F3: 0 | G3: 2 | H3: 30.89 | I3: 2 | J3: 6
A4: 42736 | B4: BA | C4: 25 | D4: 24 | E4: 4325.37 | F4: 1 | G4: 24 | H4: 360.06 | I4: 25 | J4: 101
A5: 42736 | B5: CE | C5: 9 | D5: 8 | E5: 1085.13 | F5: 1 | G5: 8 | H5: 204.52 | I5: 9 | J5: 34
A6: 42736 | B6: DF | C6: 13 | D6: 13 | E6: 2104.75 | F6: 2 | G6: 13 | H6: 279.27 | I6: 13 | J6: 45
A7: 42736 | B7: ES | C7: 12 | D7: 9 | E7: 1010.78 | F7: 1 | G7: 9 | H7: 148.69 | I7: 12 | J7: 39
A8: 42736 | B8: GO | C8: 18 | D8: 18 | E8: 4658.29 | F8: 0 | G8: 18 | H8: 230.78 | I8: 18 | J8: 79
A9: 42736 | B9: MA | C9: 9 | D9: 6 | E9: 716.47 | F9: 1 | G9: 6 | H9: 148.79 | I9: 9 | J9: 35
A10: 42736 | B10: MG | C10: 108 | D10: 102 | E10: 18045.23 | F10: 0 | G10: 102 | H10: 1115.38 | I10: 107 | J10: 453
A11: 42736 | B11: MS | C11: 1 | D11: 1 | E11: 170.36 | F11: 0 | G11: 1 | H11: 11.65 | I11: 1 | J11: 5
A12: 42736 | B12: MT | C12: 11 | D12: 9 | E12: 1922.79 | F12: 0 | G12: 9 | H12: 142.27 | I12: 11 | J12: 35
A13: 42736 | B13: PA | C13: 12 | D13: 10 | E13: 1522.92 | F13: 0 | G13: 10 | H13: 150.87 | I13: 12 | J13: 51
... A534: 43313 | B534: TO | C534: 13 | D534: 13 | E534: 2665.51 | F534: 2 | G534: 13 | H534: 159.07 | I534: 13 | J534: 60

Sheet CategoryData
A1: month_start | B1: category | C1: orders | D1: items_sold | E1: revenue
A2: 42736 | B2: agro_industry_and_commerce | C2: 2 | D2: 3 | E2: 107.76
A3: 42736 | B3: air_conditioning | C3: 3 | D3: 4 | E3: 738.36
A4: 42736 | B4: auto | C4: 27 | D4: 31 | E4: 5386.38
A5: 42736 | B5: baby | C5: 31 | D5: 40 | E5: 6941.94
A6: 42736 | B6: bed_bath_table | C6: 43 | D6: 46 | E6: 4637.6
A7: 42736 | B7: books_general_interest | C7: 2 | D7: 2 | E7: 271.55
A8: 42736 | B8: computers | C8: 1 | D8: 1 | E8: 2217.99
A9: 42736 | B9: computers_accessories | C9: 24 | D9: 31 | E9: 4377.6
A10: 42736 | B10: consoles_games | C10: 19 | D10: 21 | E10: 4911.73
A11: 42736 | B11: cool_stuff | C11: 30 | D11: 37 | E11: 7603.02
A12: 42736 | B12: dvds_blu_ray | C12: 1 | D12: 2 | E12: 47.8
A13: 42736 | B13: electronics | C13: 11 | D13: 11 | E13: 772.43
... A1242: 43313 | B1242: watches_gifts | C1242: 387 | D1242: 411 | E1242: 76810.84

Sheet Lists
A1: All
A2: AC
A3: AL
A4: AM
A5: AP
A6: BA
A7: CE
A8: DF
A9: ES
A10: GO
A11: MA
A12: MG
... A28: TO
